orb_0,orb_1,orb_1,orb_7,orb_1,orb_1,orb_7,orb_1,orb_1,orb_15,orb_1,orb_1,orb_15,orb_1,orb_1,orb_15,orb_b0,orb_b1,orb_b4,orb_1,orb_15,orb_b2,orb_1,orb_15,orb_b2,orb_1,orb_15,orb_b2,orb_1,orb_15,orb_b2,orb_1,orb_15,orb_b2,orb_1,orb_15,orb_b2,orb_1,orb_15,orb_b2,orb_24,orb_30,orb_b7,orb_24,orb_30,orb_b4,orb_24,orb_30,orb_b4,orb_15,orb_15,orb_b4,orb_24,orb_30,orb_b4,orb_15,orb_15,orb_b4,orb_24,orb_30,orb_b4,orb_15,orb_15,orb_b4,orb_24,orb_30,orb_15,orb_15,orb_15
,orb_2,orb_2,orb_8,orb_2,orb_2,orb_8,orb_2,orb_2,orb_16,orb_2,orb_2,orb_16,orb_2,orb_2,orb_16,,orb_b2,orb_b5,orb_2,orb_16,orb_b3,orb_2,orb_16,orb_b3,orb_2,orb_16,orb_b3,orb_2,orb_16,orb_b3,orb_2,orb_16,orb_b3,orb_2,orb_16,orb_b3,orb_2,orb_16,orb_b3,orb_25,orb_31,orb_b8,orb_25,orb_31,orb_b5,orb_25,orb_31,orb_b5,orb_16,orb_16,orb_b5,orb_25,orb_31,orb_b5,orb_16,orb_16,orb_b5,orb_25,orb_31,orb_b5,orb_16,orb_16,orb_b5,orb_25,orb_31,orb_16,orb_16,orb_16
,orb_3,orb_3,orb_9,orb_3,orb_3,orb_9,orb_3,orb_3,orb_17,orb_3,orb_3,orb_17,orb_3,orb_3,orb_17,,orb_b3,orb_b6,orb_3,orb_17,orb_b4,orb_3,orb_17,orb_b4,orb_3,orb_17,orb_b4,orb_3,orb_17,orb_b4,orb_3,orb_17,orb_b4,orb_3,orb_17,orb_b4,orb_3,orb_17,orb_b4,orb_26,orb_32,orb_b9,orb_26,orb_32,orb_b6,orb_26,orb_32,orb_b6,orb_17,orb_17,orb_b6,orb_26,orb_32,orb_b6,orb_17,orb_17,orb_b6,orb_26,orb_32,orb_b6,orb_17,orb_17,orb_b6,orb_26,orb_32,orb_17,orb_17,orb_17
,orb_4,orb_4,orb_10,orb_4,orb_4,orb_10,orb_4,orb_4,orb_18,orb_4,orb_4,orb_18,orb_4,orb_4,orb_18,,,orb_b7,orb_4,orb_18,orb_b5,orb_4,orb_18,orb_b5,orb_4,orb_18,orb_b5,orb_4,orb_18,orb_b5,orb_4,orb_18,orb_b5,orb_4,orb_18,orb_b5,orb_4,orb_18,orb_b5,orb_27,orb_33,,orb_27,orb_33,orb_b7,orb_27,orb_33,orb_b7,orb_18,orb_18,orb_b7,orb_27,orb_33,orb_b7,orb_18,orb_18,orb_b7,orb_27,orb_33,orb_b7,orb_18,orb_18,orb_b7,orb_27,orb_33,orb_18,orb_18,orb_18
,orb_5,orb_5,orb_11,orb_5,orb_5,orb_11,orb_5,orb_5,orb_19,orb_5,orb_5,orb_19,orb_5,orb_5,orb_19,,,,orb_5,orb_19,orb_b6,orb_5,orb_19,orb_b6,orb_5,orb_19,orb_b6,orb_5,orb_19,orb_b6,orb_5,orb_19,orb_b6,orb_5,orb_19,orb_b6,orb_5,orb_19,orb_b6,orb_28,orb_34,,orb_28,orb_34,orb_b8,orb_28,orb_34,orb_b8,orb_19,orb_19,orb_b8,orb_28,orb_34,orb_b8,orb_19,orb_19,orb_b8,orb_28,orb_34,orb_b8,orb_19,orb_19,orb_b8,orb_28,orb_34,orb_19,orb_19,orb_19
,orb_6,orb_6,orb_12,orb_6,orb_6,orb_12,orb_6,orb_6,orb_20,orb_6,orb_6,orb_20,orb_6,orb_6,orb_20,,,,orb_6,orb_20,orb_b7,orb_6,orb_20,orb_b7,orb_6,orb_20,orb_b7,orb_6,orb_20,orb_b7,orb_6,orb_20,orb_b7,orb_6,orb_20,orb_b7,orb_6,orb_20,orb_b7,orb_29,orb_35,,orb_29,orb_35,orb_b9,orb_29,orb_35,orb_b9,orb_20,orb_20,orb_b9,orb_29,orb_35,orb_b9,orb_20,orb_20,orb_b9,orb_29,orb_35,orb_b9,orb_20,orb_20,orb_b9,orb_29,orb_35,orb_20,orb_20,orb_20
,,,orb_13,,,orb_13,,,orb_21,,,orb_21,,,orb_21,,,,,orb_21,,,orb_21,,,orb_21,,,orb_21,,,orb_21,,,orb_21,,,orb_21,,,,,,,,,,,,,,,,,,,,,,,,,,,,orb_21,orb_21,orb_21
,,,orb_14,,,orb_14,,,orb_22,,,orb_22,,,orb_22,,,,,orb_22,,,orb_22,,,orb_22,,,orb_22,,,orb_22,,,orb_22,,,orb_22,,,,,,,,,,,,,,,,,,,,,,,,,,,,orb_22,orb_22,orb_22
,,,,,,,,,orb_23,,,orb_23,,,orb_23,,,,,orb_23,,,orb_23,,,orb_23,,,orb_23,,,orb_23,,,orb_23,,,orb_23,,,,,,,,,,,,,,,,,,,,,,,,,,,,orb_23,orb_23,orb_23
,,,,,,,,,orb_24,,,orb_24,,,orb_24,,,,,orb_24,,,orb_24,,,orb_24,,,orb_24,,,orb_24,,,orb_24,,,orb_24,,,,,,,,,,,,,,,,,,,,,,,,,,,,orb_24,orb_24,orb_24
,,,,,,,,,,,,,,,,,,,,,,,,,,,,,,,,,,,,,,,,,,,,,,,,,,,,,,,,,,,,,,,,,,orb_25,orb_25,orb_25
,,,,,,,,,,,,,,,,,,,,,,,,,,,,,,,,,,,,,,,,,,,,,,,,,,,,,,,,,,,,,,,,,,orb_26,orb_26,orb_26
,,,,,,,,,,,,,,,,,,,,,,,,,,,,,,,,,,,,,,,,,,,,,,,,,,,,,,,,,,,,,,,,,,orb_27,orb_27,orb_27
,,,,,,,,,,,,,,,,,,,,,,,,,,,,,,,,,,,,,,,,,,,,,,,,,,,,,,,,,,,,,,,,,,orb_28,orb_28,orb_28
,,,,,,,,,,,,,,,,,,,,,,,,,,,,,,,,,,,,,,,,,,,,,,,,,,,,,,,,,,,,,,,,,,orb_29,orb_29,orb_29
,,,,,,,,,,,,,,,,,,,,,,,,,,,,,,,,,,,,,,,,,,,,,,,,,,,,,,,,,,,,,,,,,,orb_30,orb_30,orb_30
,,,,,,,,,,,,,,,,,,,,,,,,,,,,,,,,,,,,,,,,,,,,,,,,,,,,,,,,,,,,,,,,,,orb_31,orb_31,orb_31
,,,,,,,,,,,,,,,,,,,,,,,,,,,,,,,,,,,,,,,,,,,,,,,,,,,,,,,,,,,,,,,,,,orb_32,orb_32,orb_32
1,2,3,4,5,6,7,8,9,10,11,12,13,14,15,16,17,18,19,20,21,22,23,24,25,26,27,28,29,30,31,32,33,34,35,36,37,38,39,40,41,42,43,44,45,46,47,48,49,50,51,52,53,54,55,56,57,58,59,60,61,62,63,64,65,66,orb_33,orb_33,orb_33
,,,,,,,,,,,,,,,,,,,,,,,,,,,,,,,,,,,,,,,,,,,,,,,,,,,,,,,,,,,,,,,,,,orb_34,orb_34,orb_34
,,,,,,,,,,,,,,,,,,,,,,,,,,,,,,,,,,,,,,,,,,,,,,,,,,,,,,,,,,,,,,,,,,orb_35,orb_35,orb_35
,,,,,,,,,,,,,,,,,,,,,,,,,,,,,,,,,,,,,,,,,,,,,,,,,,,,,,,,,,,,,,,,,,orb_b4,orb_b4,orb_b4
,,,,,,,,,,,,,,,,,,,,,,,,,,,,,,,,,,,,,,,,,,,,,,,,,,,,,,,,,,,,,,,,,,orb_b5,orb_b5,orb_b5
,,,,,,,,,,,,,,,,,,,,,,,,,,,,,,,,,,,,,,,,,,,,,,,,,,,,,,,,,,,,,,,,,,orb_b6,orb_b6,orb_b6
,,,,,,,,,,,,,,,,,,,,,,,,,,,,,,,,,,,,,,,,,,,,,,,,,,,,,,,,,,,,,,,,,,orb_b7,orb_b7,orb_b7
,,,,,,,,,,,,,,,,,,,,,,,,,,,,,,,,,,,,,,,,,,,,,,,,,,,,,,,,,,,,,,,,,,orb_b8,orb_b8,orb_b8
,,,,,,,,,,,,,,,,,,,,,,,,,,,,,,,,,,,,,,,,,,,,,,,,,,,,,,,,,,,,,,,,,,orb_b9,orb_b9,orb_b9
